id,price
6253,1392.9460111306166
4685,1059.3392471906016
1732,1018.4302261486597
4743,1348.4287283298386
4522,1135.8684242769068
6341,857.4052189833176
577,927.2857882515952
5203,1251.2310819103031
6364,1036.4286917280635
440,1207.837959780033
2751,1045.8318349441902
7488,1114.6392821112668
5273,884.9767957863578
5654,971.183968845592
4000,1444.0715193762992
6034,889.1651310892961
583,1228.3127887070689
9931,1050.1895017204342
7052,974.9958468325717
8159,1313.1125810583235
9897,698.2443833979969
2250,766.8233605906671
4641,821.6233776599429
9486,719.7395022473974
4948,1144.6968458539861
9921,1051.9323665598192
1964,911.5586160418811
8244,1296.9257383274053
6591,903.9340117664397
8848,670.9682632778121
322,1009.6349854206799
2679,1159.8389243903935
4626,764.1177158531679
4950,840.435129137273
8329,1188.6289524372896
3338,993.8757453919216
5590,1426.3930584445407
252,916.4137607244511
3974,890.7530871367932
6631,955.2704975588457
5548,1189.2436562892995
36,762.436986245991
8363,1258.223306082706
1514,1502.57792131077
9318,917.5157189146729
40,1016.6626727603992
4820,1471.2623291066504
3466,1194.7228213813619
1761,1450.5159638974724
2305,1304.4386184467799
3724,715.4171943591795
8285,1458.6659788898128
4994,991.0684756923786
8128,1169.6423035424996
3033,1394.5261354412896
7939,1255.6587030082446
3040,1043.8593935004315
9656,932.8542643329062
2546,962.762733795996
2593,1202.7057107570092
1189,1300.9523326167503
7967,1283.029626468037
6078,1563.7375091046815
108,1018.7457389426567
1316,1128.0874429545127
8188,1037.286444182264
2754,1030.73312347844
9754,1080.0159394838229
6232,1235.9766929599195
2877,683.5310271287116
5324,982.1175198445173
800,898.9766951600336
3571,752.2627680371029
2895,825.3732818416274
2928,976.0585496839324
8179,1024.2853218790265
972,1132.2557454535195
6688,1066.4259458599106
8576,1196.523514901807
2021,964.9022104824187
9055,1118.8862603003945
953,1466.805176375917
5360,945.7230281518524
3858,1285.0864855407267
5862,1395.7252607253445
3146,850.7336866466258
3306,1522.016643313234
3007,1472.9675464154902
9002,942.8169455937947
7771,1156.510552546365
7439,1126.4149286764605
7943,1433.441349612705
9239,1016.3355435144699
1057,1101.3098585036782
3155,1492.2148260426702
3788,1091.83988919118
9190,897.9208173239983
7826,1191.8179686404123
7540,966.0268636109795
7232,1340.4044784968476
765,1251.9450469187445
5020,942.8530701403047
4904,1314.3320259429554
8094,1089.092844615581
6844,1304.5143830832226
2166,1247.1137693103963
1863,1402.801506298463
7851,1460.488533624019
9124,1129.0937692212942
2341,1313.7097243692579
5528,911.215761945356
6744,1368.7286849510097
4004,973.6880458818705
1124,1110.225476496171
8710,1517.1586717559835
4050,1440.422920860347
7641,721.3435691199089
766,977.0527163817304
2345,1053.6315828691713
4072,1083.7410002574957
7217,1256.7958405523723
4217,1322.6431317448696
7953,1047.4561577686009
5971,1073.512500166907
3351,1037.9035719197416
4696,1056.0640060750345
3400,754.7468970888037
4082,1207.3795906559967
9150,1194.5759383243135
1225,769.4333329590627
6293,1458.008602916047
3123,1499.7554293555838
511,1188.9036743125841
5795,950.361536681381
8182,700.8928706048099
9418,1329.4501987893461
97,1007.6031336522735
6682,1246.673625257114
1513,1011.1110792418403
8792,1464.4506673379271
120,1140.4152723935376
7792,1201.3445736963802
6518,641.0033464632099
34,1185.7054745522987
7888,1384.4600438902007
6831,713.818276793294
5422,1329.3994171225586
1069,921.2553722640532
1348,1099.479112443202
4748,763.2536823493077
6006,912.8097486575147
6040,1350.0197046693374
3818,879.9061300379173
8447,1199.9953439295464
5270,1350.3017472200424
6898,773.6660096309239
5310,756.6910881204165
32,879.2124595750554
5675,1049.5394705239505
4387,1318.010768900419
30,996.5193897055915
4203,1227.4126386726175
7508,649.8041518070185
736,934.6780458682289
2068,1252.4443841528948
107,1009.5847564779692
9645,1378.587303038096
8895,1241.7064094732261
8021,930.0096337117807
2233,1415.7070557108327
994,1051.3789477456542
9413,994.974400003617
7059,1229.487567966058
6790,1049.7227988585896
361,1289.6929209320306
305,1095.019582609157
2628,952.2875644182712
8966,887.6146629032909
4514,924.9454834811509
5911,1128.4983702636687
8314,1192.0648994466146
3101,1381.3890651569716
5704,1350.1507239835946
3899,1111.5200806148391
5441,1441.149862625308
7931,843.6668012560268
622,1184.8510085626106
7236,875.3664488274406
2499,874.7401999715269
714,949.3873923193106
8404,864.3571944341376
2856,1124.762357506036
4270,1149.4854725618575
2909,910.6455495219517
8081,1410.8094553305482
4517,703.9058114299162
1262,1134.2193246526126
3161,1418.835077250079
971,1112.4566586789404
3913,1434.4328540873012
5199,793.5913525111005
8847,1284.2171203828818
260,1269.5676270505812
3791,827.7553433715007
9203,1235.3900796010503
488,1314.2425792328531
7908,1292.1502985443053
519,1378.5170693106425
8343,1288.8894596577193
312,948.8620411274576
3232,1012.9820125252394
7933,897.8974654098513
7458,784.3242541815129
9784,738.8952311924643
5184,1108.6447708090184
8077,1041.2309518981165
6502,1467.9895149374338
6791,1266.747154261278
7773,934.1655710217235
2738,1226.9476923839661
7842,1412.9654346001903
6262,1357.1722702401782
8206,896.1024936450392
1248,1178.4907401900562
9336,1250.8265182758087
4195,1054.015716078783
8001,929.2941760204308
7378,1165.2278891155233
3435,1125.5472236987032
5382,1299.501850384559
959,1393.0424043892415
417,1015.7789076662252
5742,1164.231473362397
6728,1253.6854352346807
4382,745.6430034266052
5197,1205.2511580802282
1113,1432.5003733732924
2689,781.7804842677749
6473,851.6027822655702
8820,1202.7407921937247
7808,1321.513519028297
3411,1122.6976246951726
81,1352.7799971920517
4614,701.6471838754234
1374,961.3976833334104
1510,1460.5436481562647
6443,931.5716812475476
3071,827.6377920571107
3016,812.5722091460968
4823,1461.8633389371037
7822,1383.519185479257
93,1218.9809535589943
9421,675.1644329562548
6600,1052.7752510230516
4443,1162.4429074897985
7602,1424.5436924317269
3835,1320.4850757025533
9702,873.4826318047408
4322,927.0238971528287
3394,1321.197807726022
4752,1050.1181445793686
7229,1010.4659875276038
9191,996.2813570094604
2361,876.2077808394165
1148,742.9264073376585
5666,1051.7139276451012
8075,1306.7214261168085
4943,873.4484823715121
3663,1139.3426321531365
1563,1128.4797462431497
4113,1050.8148620487366
9050,1388.952450123297
9276,831.5951607664492
8538,1339.7749716240023
795,950.5439553865868
5854,1012.2591526520057
7619,857.9465435306265
1594,1190.008065912915
7418,1256.0152119030704
5267,955.8598992724719
7147,1039.937987658744
89,1369.212115215374
8695,745.3876774734604
9732,1047.3809709270454
9446,1099.9587314336927
6754,1106.3314348137978
3502,1181.021266529114
2234,809.5985243189838
2803,1289.3912176184213
4424,1370.6281949623458
5663,675.7181144811609
7170,1118.4038895369595
8337,1041.93561508026
2148,1124.9724624406583
7969,1008.9061755681171
6551,756.7489542601606
7643,924.4221281783965
6164,834.6389402116139
1495,1029.7234884656357
7696,1177.163562770621
7094,1272.996921739692
1409,1073.968654387365
6691,960.5669818493525
3401,804.203785943313
109,1358.0857138407096
5636,1235.2570603624156
8482,983.2490131333811
6604,858.8110844962794
1091,1134.789364109048
5560,1214.6317138285435
9412,1237.7643947028105
8143,1225.1578994975353
8664,1249.9113314043866
6596,1070.1526469891373
624,1184.737215037129
6871,983.135840835875
4814,942.1960146675126
6553,1324.028258359167
7530,1063.5157869501431
5796,1443.2701816194353
7437,740.1358059049198
4218,697.5470470558395
5941,1054.2388379030913
8501,1196.4088760909813
6429,1504.5910853819057
6827,1367.989725423621
4131,1149.8603756650832
7802,1020.6659735834627
7754,1474.2254378691118
4722,1286.8563173306284
1651,988.8382184562624
4141,970.190273640362
1618,1114.4205190174687
2030,1022.8735071010485
8518,884.2078268769333
4576,1369.1997942871517
3993,845.2668107303849
7377,982.6335867545702
6150,1094.0535749332896
4909,956.3915113400465
5027,1459.0029228888682
8261,1095.4949159097887
4732,1017.7629589783348
7549,1253.7745838970204
8135,875.0302307887865
1607,812.1315130121858
4774,928.258110132302
8110,1157.0384595602654
6952,976.2505105610423
6005,1079.173906242496
7729,1103.2062370671251
3542,1082.1559258549498
389,703.933782031921
1795,1107.2779514139422
8732,953.4026409204149
4920,1487.2904345876661
5538,1225.4783919136466
3873,1143.1046132250042
8869,1547.8513571894669
2255,1083.185073010431
3413,816.7418861933902
5460,1101.3864323180196
4956,934.5010000931843
7397,1363.1794245946642
5415,1221.3202211700286
7400,1162.80652024387
7415,1166.4425640879163
9101,1218.496889416404
4852,1016.8303045376683
2026,908.1455295727562
2616,1205.5345509981112
7389,1176.6086879883705
2927,1411.750667828117
1122,859.0544032206354
2911,1459.996486825969
8147,1151.7267180700248
7384,880.3803935802138
3483,1022.0797859497006
796,808.5757947540226
1576,1149.3012522470215
6177,1277.9142368517328
6267,988.5403061026334
2459,945.5704113435697
3313,713.311313332835
1254,940.2278329910978
6835,1287.6915737735042
8795,1220.0117512350457
3838,991.3774271066625
4399,879.5694982768005
3596,1028.333713679792
6622,755.3409831519288
8383,1377.9122639553816
2125,1162.7683890856579
3239,927.284986090456
5404,1478.283389107196
5999,1207.3774720418862
5939,848.6704998247105
2046,882.1392326033942
1579,1017.2278983469757
15,821.8789403743455
2674,1234.3711429828866
7017,1361.6880036897996
8721,983.9375377938069
8850,822.1016851244441
4813,1380.8740011438163
1085,869.9350448627466
4984,928.0258709413265
7156,1095.242908971216
2885,1371.8218199169678
334,895.6577608632301
7205,928.4948912837397
4368,1262.5610714490786
3080,1493.5310324269801
7204,1145.7029127170008
9910,1421.1369800853613
8865,958.2980444189707
264,798.4383726814962
4338,1226.9804936489882
8896,1002.8099881898831
8448,1180.7476818803405
5904,1104.5168484425853
1499,1336.339700567936
4191,1455.4188349523197
7486,1176.1506050063485
9644,1005.5753465373447
8311,1348.0458406278392
7591,1149.8582462824459
501,709.579491721149
9156,1037.1457586363726
9415,1126.7903305512655
3096,937.3143742258549
4632,976.0698049787591
368,991.5358847713758
4059,1269.5152455916896
8175,1009.4394355122753
4631,1208.101723026095
6071,1097.0197037442388
2665,983.2058776973531
1027,1305.5857969223694
5909,1232.6425156692644
5051,1233.126931558561
6329,1115.2391324022478
9734,999.4509476002795
1692,1294.9937308098072
674,1400.4148159537967
5573,1121.3179558215625
5767,1125.9250044063097
5157,714.2580041283394
734,1178.4862486226561
3527,1348.2315655887844
569,1129.4251920172442
9188,1415.241898949676
2923,1066.5042590826329
7912,1116.6223769907992
1559,874.432784088788
102,963.2906475444939
3008,1309.5299052717396
7202,1482.250058154983
304,1251.8080875021565
77,792.5296201270332
6755,1273.6786308860019
8630,1055.3732949795562
1209,744.6506685331891
7743,808.8532412519842
8215,737.4191876662267
8945,842.3046299680598
8414,772.2556471776688
1776,945.8830527590358
3474,942.2716692748058
484,1274.9170262914752
2190,1348.331456603913
347,896.3843456594271
5482,948.3622074775221
8362,879.0804663523129
1473,866.7504228528852
5101,1221.9827924689457
6766,1171.952169069089
8707,1183.1925682921487
4930,1432.0128269247243
6330,1205.0523426907598
2610,1428.7667649391262
4,765.7646084293035
2214,958.4466920498378
4828,1175.8519429481885
857,927.4710415216791
6978,1081.1726391023922
5886,1120.7489022549871
625,1129.9966877030042
291,1278.4278922383605
2019,1293.3166385098943
669,1167.4262682899475
8922,1189.3612435389828
8265,981.1845794780838
9697,1437.9134035284299
1632,972.4318629294971
5171,782.3561022299585
7206,1440.2900131035963
2523,822.4322348678628
2216,1120.1600965353
6969,1449.9052511307136
6497,1178.2387371153786
6214,1258.8641061419812
7033,1048.678714753074
7421,1094.6729148130107
1108,1159.593104586061
451,1076.6781603556337
6290,996.4214222608271
9967,1324.7003311833628
136,1106.420463785882
1786,1155.4658394467888
3405,616.8849958299559
2907,1527.2453530512848
8305,1232.4731961891257
7493,1167.3536532779697
6101,852.5679585488754
4505,1310.9091641302443
5054,1101.8066368642203
5206,886.4039733233373
4081,931.2307420419253
6919,973.7829920643203
6803,1159.8140717146775
5207,1289.253876836694
533,1012.4830275917642
4831,1222.8505109147582
4039,1455.0012005163426
4085,956.5647356878208
3205,1008.5483428102551
7111,656.4248816595275
331,1458.2184775414437
4958,904.2463072457911
3034,1250.539589026026
7685,963.3040228070931
1598,998.4295030468841
9920,1415.5891037052372
3598,1378.1221821754377
9039,1037.6016396702482
8002,828.2492823224725
591,1285.0624491560495
648,1457.5475183965345
9103,828.1846407055809
8016,959.0388453286337
3772,1024.029805999188
9040,1169.9262985651649
5083,1062.845739647284
7883,1408.8151706489657
9363,955.6489455248884
4211,1237.4082776973996
8835,1033.4849493110048
8700,955.4886023285444
1796,1449.1483577447564
2587,700.9566034384379
8356,912.8854745636788
2317,1184.6141828946627
4186,1358.8115756023408
8828,929.3145533260308
7073,1170.7334088445039
5235,1144.7356733754334
8744,1445.800596953909
8671,1388.2861280408265
4769,1048.7033142339128
9973,1312.7068519793636
7145,1115.3116140693173
2914,1008.5595123512636
9872,1451.2266887860474
9894,995.6537891738786
2076,1239.6534748138506
4303,733.8210783881934
5823,1246.3428909062895
2150,1218.3224077686882
145,1235.2077344284946
4964,1334.7439166293875
8160,1242.9131455475335
9031,1249.9813829842724
4776,1335.9439440389735
8934,1035.0495718378743
7750,994.0087298693461
9829,781.3333305588519
9215,1134.600327300144
6061,1104.3711029883468
9476,1076.0937886852794
6410,1438.4794955087002
3318,1227.5786614772148
7465,886.4296362708602
3062,1039.6204784739775
1356,1498.7307873501895
4515,668.4821140661777
5506,880.6483023097098
5251,1151.1056757844117
4512,847.4082824000222
1731,981.6678787809433
1759,1159.4542702400772
6651,1331.4052849899006
6647,667.2340958518871
9861,900.972155932379
4140,1397.777932458383
9394,1090.5743287814462
5124,1082.8708658603175
1,1078.9504356259517
1865,958.9596480011901
544,736.4091885391773
350,1082.3377542441444
6907,1318.1705461258505
9766,805.7531175899717
2524,1007.8672609062605
3465,981.7729260704249
458,981.6624099939505
3024,682.8713687739081
7262,1364.9257424425919
9516,876.407860626441
7873,971.4071305196114
6626,1261.4278089822633
2535,1212.0104415567675
132,1013.5102760847947
3705,1325.6327410176013
1373,1018.3034785229165
6201,1056.803977761076
4857,1231.6991673902448
4713,1406.6217413615072
5545,1038.8507732538287
1414,983.8646537611531
4114,1149.525196273542
656,780.0801669139859
8138,1215.222600556253
4099,883.0234168933775
593,1178.3036302008568
8709,1073.849233639555
3124,906.121328246878
3048,913.9461867287489
3888,925.2867046564413
5736,1396.2112062169074
2185,1213.4864777695448
2146,689.5522807320272
7048,993.5853471130365
3106,1393.054530975904
9234,1509.2943100865364
9097,1074.709599836531
2770,1201.5812979548782
5222,1249.7511060129937
5834,1059.0600528479786
1733,1425.6453990737778
266,1156.367318797364
5145,898.0979967411279
8268,1455.7282841362573
3938,1269.03812674268
762,835.0471407319694
7221,1280.1660994328283
8440,869.4152611506728
3258,1205.4756553323787
4339,787.7626281592028
4363,837.9755003154313
317,1178.5275227430477
8070,986.1873585078168
1852,1160.4650585069253
2485,778.2067786890102
9874,941.1409773855136
9575,1410.5928346380751
1079,1063.5914574262604
8359,1435.5699535015772
7334,1363.8945649129068
1072,1256.3692810922348
104,1186.905753856959
5749,977.3049746868915
1419,1071.4851324513531
1659,1479.569651756315
5285,1094.20637229737
1150,803.454529093451
7151,882.621266000778
1569,868.4782141802459
1088,994.0379790172838
6086,841.6528905023958
8675,951.6484643472652
8342,997.5217146269201
7812,1368.4521880548748
6085,857.2116763822793
8774,1186.4078025155768
8758,1392.8379283845939
1693,998.6568568417374
4735,1128.9076975969338
3388,1188.884099887573
3647,860.4747910081708
1684,984.0969462887954
9,1397.0610924178536
6063,1124.0629620284453
6517,1387.7086093301957
4124,1064.3526405349967
8730,1322.310715123012
6046,1413.9696337398964
568,1019.647876482436
9162,992.0119064420023
1804,924.7121054055374
8502,1152.5473419003747
4901,1218.7581907366832
1600,1292.4681310822489
7932,1415.235965396018
9548,856.6263554742372
2824,1474.694399881449
5468,951.1845470092579
3530,575.2301556528342
8684,766.9348182531969
1156,651.3270142607018
6548,1075.1274842898333
9089,763.8010545815062
7621,987.0709724991124
8297,787.2239377113434
4541,1383.4355230392591
9135,1241.293984084892
6483,1112.277115080342
5827,1235.052042199695
1191,1270.2209475402205
7445,1282.1675864160256
8521,1104.679218292776
961,1161.4188834855108
7455,847.1292852465676
37,1138.7903013421126
7517,912.1162923558825
7645,989.729681589859
4439,626.7920050778481
6162,966.8611483348479
7745,1394.2965543915925
9588,1044.1698926743704
8120,997.3303832920664
6968,1346.295120507621
5719,1368.6968844888477
578,820.7557531715102
9834,1086.6234129889558
4103,767.9229352040353
7647,985.5170982741652
4152,1178.1735309181886
3131,1176.9953520522427
4891,1315.141291722347
9976,927.9782546774188
7472,1304.73777529758
1834,1435.2266732099192
9149,1464.257892614221
4892,1422.7849881071302
2288,1293.4469685646732
1331,1178.71635191852
2772,1194.5797897122552
3687,1058.6727428100694
8284,820.6137631240472
5929,834.9885332945066
638,1185.3322478433338
48,1035.9182052037606
2603,1325.740322979337
1966,1025.7669159612174
2169,1356.2347740649416
5050,1077.1154762640954
3335,1258.6566357566776
3020,1189.6251760493305
8765,1192.4223086010131
9177,1345.7939103029603
1361,995.8741475470108
5799,1154.3806205199958
9401,1164.0917790853823
3252,1380.0743731139837
6301,1332.583004547288
2252,1358.7334593944447
6028,1333.9957284248237
1176,1347.7691064672024
8800,863.8182690467082
3280,1096.9460270035775
2974,1246.07961455444
3397,920.600432812777
6940,868.3793329859247
966,1074.7788669564786
8575,1113.8856880355784
743,1052.2297727612354
7515,1117.7815601833167
3315,1176.0781389341696
4899,1243.6620365859005
9341,1141.8333513246785
4673,808.9076443796497
8619,1350.3198584224529
1218,1328.1182828073702
4398,1108.0792990596733
6081,959.4159297323349
2615,819.9628910118887
2621,1138.4640734340087
8715,1063.6106815829592
7283,1061.1498242564385
3380,786.3524137523876
7302,1050.05818587369
9858,1108.0078323994335
5606,1243.1122710326713
9814,1240.2168797544532
5787,1362.783178685927
8519,1058.4569830364446
6851,1177.1614582177276
1517,801.1669220168344
5099,1236.0863429718688
7637,1193.67426168487
9086,888.7079556356246
8024,1434.3784450446176
2393,1006.9740791837103
587,1181.2231588097934
3520,1022.5830519312974
7654,1477.4593796161762
8947,1331.4058501817876
851,1035.985746962274
336,1264.3328421983483
6635,1328.9457650456302
8973,784.045170027627
7494,1246.4053481978767
2869,831.9507814310189
4873,770.962112536701
3551,1037.7778135059575
3843,1005.2944652522032
7263,1139.0896691542123
5825,1165.7224594395807
24,1410.3590180439635
1454,1364.4408408463628
1685,1045.0580714965452
2311,1120.4163343317236
9064,1167.565708381333
9407,1061.600106000587
382,809.5712977336301
5815,1463.2954296536136
5551,1240.5483738867001
9309,1308.3984847816732
1619,1083.0788004637473
790,926.7337235057131
5984,1183.4976638834942
8673,1024.0479754285066
4476,1155.042675624656
5607,1260.2352810061334
9313,1250.0594000191563
5649,1029.1036734042061
6217,1412.5986797137239
2287,1325.1582690386842
9994,1257.14247655969
7579,1066.8624902454465
1184,1296.211315135664
6002,1372.3156229896201
5091,1434.2327919285153
2517,1096.2945252655563
4123,994.0550041339211
5522,902.5847981944539
5628,1473.5688973354534
8361,1034.393853098884
5873,1052.1736123487929
8613,749.3343227715623
7728,956.7133773753293
5969,679.5134415219181
1181,1142.1551662955549
8763,1289.739857956342
8236,1111.8628726127347
2819,881.7486073504747
9965,1288.1233993867772
8704,1081.1709302488712
6609,1114.9418218927174
2821,1037.5987138050295
7536,899.0169106536022
2261,726.5215779839364
2240,1042.829291752666
6022,1121.6953133769107
783,1121.1583767020657
933,1088.5718750332892
6203,1470.6857481602485
2413,1003.9187138299186
6998,1066.491461312135
9116,886.1118111798733
1157,1525.7924664836169
8108,768.2955294536346
5806,1265.6722601913261
4880,977.2019139062947
3310,1142.625903722897
8962,993.0223530585295
1703,1145.3366345884394
2493,1288.9034525796008
3707,967.2360704865995
8277,930.3111950491719
287,928.7763221806651
1609,735.1106031840415
6632,1037.0557720578645
8279,736.4536054507997
7316,943.8243744169648
2253,829.3921190981359
7416,643.6957198844997
8366,888.8660634625996
1892,996.9952183348944
5063,912.5817786294422
6121,1188.0509940172883
564,1276.9000692350314
292,1101.1246606623283
4717,944.6899248454706
7709,1011.9465423232828
6350,1054.6202575914406
170,646.4278944418691
268,1447.770535637149
4639,921.8618866183535
7078,1031.6002848073344
3356,978.7592744903104
8280,1401.1416676308245
316,710.5474845820073
6729,1105.654389379727
9496,917.4844080462719
4068,812.3327419804498
246,859.3593421365856
253,1310.6703612097485
1112,867.0372482921159
4802,1262.7736122674141
1714,864.7870895291076
51,965.7245509697476
1836,1372.4768200688295
7897,824.7554911925033
3384,647.071022415108
6411,968.2499160248391
4314,1030.9483352911984
873,1090.7129327376326
1255,1335.8736008586288
8882,1299.7975547037659
5852,1204.6948797586992
5703,1203.6486927679432
8104,1195.991774892917
2099,1425.6783250884775
5129,1022.5919896022315
249,1196.6573202237478
6562,1381.9174427114376
1340,1085.7592340733909
7018,1273.2942885758325
2111,1024.5975259178963
1570,940.2952819015331
1727,1437.6360575540668
8385,847.9415727859924
6941,1062.6367555389525
4396,1360.8070689715078
2421,1167.768528871663
3046,880.4528340474089
5504,936.921480426619
3704,1318.3119182525184
8192,1031.9058827813783
5332,883.8195568219461
9809,943.3124826251076
448,1114.7018196437057
7895,951.5603006083591
8729,1182.1368708725395
7829,1108.7406906136312
1769,1301.0014920721906
6809,932.8697953421156
4705,752.5386897530618
3870,977.6742709274367
1656,956.9462384676319
3188,1104.521519950756
684,1229.5154115570742
4171,764.2910172943527
4478,818.3154452463837
462,1082.0662847864887
5765,1013.436149134451
7523,1446.919924012645
4503,762.1756897604432
9710,1093.1270958234663
319,1045.880152148689
1146,820.5624090425113
5095,1434.4809477086746
1394,1481.7954085069773
6624,1116.1459441709972
1502,1305.4050505538503
6409,1339.4289302005063
377,1222.8620459276844
411,1071.2174182362164
1661,974.1973295367453
3152,1330.6779821890163
1624,1460.1346541954838
5610,1233.543708436408
8533,1482.4613736891433
5803,1486.3233259651183
5307,1002.4657303863478
7087,945.9238565015263
8898,1358.5018669717247
7489,1020.5302085062275
9616,1309.5873851993756
9218,1095.1972291593393
1673,797.3308398317849
2359,1221.2799770310005
8468,931.9061437775214
275,911.1833204147422
2474,908.4816894196855
5490,1219.1389600970333
4772,936.1511362328807
2108,1426.9607942021885
7501,1017.0866406069304
4415,1058.2286724572664
8139,875.8036068653021
8661,886.0638981994898
8240,869.6047838983017
2418,1118.299056581682
8772,1263.5797998074038
2237,1002.2277221688933
3768,936.8126189173328
9792,1026.2901591791408
9990,1461.266716972395
9966,928.7140073592099
7324,1227.2062737728806
1384,1485.8372506900891
3102,1160.7159185002556
3922,959.6442015840872
6686,1192.3672744157484
3195,904.2446580966366
1942,1415.2193299946625
7714,897.7536255474893
4897,655.4768865908436
4783,931.3717181287982
1497,931.3466668328127
1958,883.9230273860678
9172,916.2399975546869
9746,1013.7038800263314
7333,1335.295992007936
7950,1064.9130993341691
3018,1051.8326609747432
6747,704.2961015487462
514,1231.2350195774493
3935,921.5947530030168
3026,1152.810489369127
1200,1351.156443316917
5029,888.4488159972186
9785,1178.4852014148892
922,847.8823081827231
4650,1299.9643049480678
5333,1450.4546496390772
1077,1329.1562600533787
6769,1009.7787273524054
9411,885.5860801645489
1672,1168.1311490241906
475,898.6869223193758
9187,1225.3925759108142
8840,1196.8408599488582
5759,843.4925134637341
6298,702.1727591463291
2479,1307.5728838235377
5494,760.8334677795809
3915,1156.392839778984
2139,1450.9893022038434
5455,789.3936579601319
5380,1025.091180549864
8986,1064.6278628504479
4024,968.122783096792
3486,1208.932102822873
2456,837.6883232788708
2465,1294.6698915970758
8697,1110.3474551947245
1370,1226.0796266135073
6689,1375.8746898966824
7457,719.4286339751918
9975,846.46015233698
1902,1243.8972138598835
4872,994.1060418337381
4711,1433.7331484378492
7887,1135.401044992173
1794,1362.9722590006377
2875,1166.3257379223057
6218,1436.146995883421
5214,1303.8602899610896
2246,1454.5178617831148
1742,1151.289408948433
1021,1457.3375074103687
706,787.8734043192993
4295,664.5699778981228
5577,988.9899667642329
7167,1243.395237183668
8178,788.6838853392481
909,944.5494170969919
5194,1431.4384692213423
3078,1324.9175469575007
9367,1391.2268393273928
595,893.4003132958538
5305,951.3977836192875
441,856.0155629064698
7607,1010.8429184504494
4093,985.6215170919038
6135,1425.0332279776007
11,1520.6866271051713
3777,1197.8958495661518
9000,1131.1864298209102
3709,1255.0331984147224
3781,860.3977717910326
94,1179.283715188015
9240,1049.5037096943286
3950,1201.0532932165868
5786,789.4353250699867
4871,899.059818387384
4803,1316.992789960939
4868,726.9776553713997
293,1321.4404361234517
7889,966.6352536647546
7406,965.3676230894242
5596,1364.0203756089204
2887,1186.399079791711
6455,825.7072433726905
2543,1293.1800648752264
1766,1508.269417459958
6801,882.0413477811753
1878,1342.497119825788
1982,1402.9809904298304
9730,1312.8135455036063
9609,1505.1216014589531
2686,973.4104350096236
8931,947.3373014514984
3459,866.8764125798541
4542,1082.9387480819037
2179,862.2236611595613
4451,1196.6425101230545
3860,1292.8991271604818
7624,881.8793569127008
7655,1042.2758313366407
4520,876.216057931616
2518,671.9216761328588
4837,979.0296129086753
2886,1049.6041613301793
7282,775.9014825943324
6256,1307.3762860296054
4540,1106.3962691668562
5640,985.4976753215867
9460,995.5218359761866
3482,1336.4227668703957
1278,1254.5462576074056
3147,1301.6334135904772
8263,830.3410730958841
3206,1033.2687194222865
9893,1312.4186598267534
2743,1237.626777137917
6077,685.6784403773694
4048,1145.6189378943168
5732,1134.2620608884897
2946,971.220755954595
5791,1168.001063588109
6795,1016.2790088563081
6544,1094.2613045957942
701,1333.1590767009404
3575,1000.0602399575596
7700,1393.0761651457472
2516,851.1299099328742
3001,1135.59970321736
5821,1077.4842147093084
8582,888.5372283704585
3685,1329.2908519879225
2996,1256.3182661787712
4253,1005.9351947652906
3412,1029.0047264176017
7963,1049.483936430009
6310,885.9730805746028
8612,1068.1501725518683
5013,997.9608638460327
7751,761.7115890322739
5980,1292.7549143776464
4049,1003.0363621989136
4900,1433.3019511012349
1319,1348.2383860356226
9773,918.3455438989363
9138,852.1877722557795
7143,884.4927079167919
1898,1095.5124935312258
7466,1068.0266915133259
604,1144.6516950005694
2847,1427.5688154855882
8208,1065.1871249962956
394,1380.7899574730534
4437,1049.5210443750655
9448,854.9719993234056
7235,1142.4253798100635
5399,1112.234944507055
96,1069.3812294496993
1663,1210.0566720510847
8971,1156.5933401586742
5131,637.7239827045858
1489,1304.289036627021
8317,889.9728161171168
2708,756.0824853059526
1596,1027.564406434959
9278,1166.9939089541567
2378,1150.6384781678992
5141,987.4292667371232
6148,924.4159048249985
8242,1281.6284256474805
3949,1050.8240981974654
3934,1054.6281633977574
4798,960.7652181766589
4373,1155.0975659253813
9863,1146.3746398586127
8243,1366.6020977528992
3449,1041.6652149140912
2944,1221.2316502327376
2466,951.8994061570259
8583,1459.770761172072
5507,1247.6843132322695
2699,1347.792053317582
2448,722.4506487669239
20,963.0967663993083
2749,1404.0987469728984
5400,1117.025657704397
8079,825.6104053735119
6872,931.7588118833005
4709,1314.5841233429119
9477,1273.06234455161
810,1098.063828980498
7478,1039.2095482396114
2274,1222.0086774546996
1924,1188.5934132157327
1471,776.3382404325309
7935,1125.096134269959
7408,1217.909731200274
2407,1158.830402899772
1143,1057.2884850559062
1748,698.775572322745
5710,1063.1634694027355
4976,1426.2638782314702
7301,1001.406391774374
8149,1489.9489833783966
2834,1339.137008476568
3132,1383.448981272585
1311,1029.1072309268463
8651,1318.6732743276489
6775,1406.940584511768
6757,1465.3096143125076
621,846.8079780405809
2702,1041.5354026679433
2200,851.4185104778624
6197,1496.3890173343484
8825,1150.7455163180352
1047,1365.8883164480326
5769,1269.8324922233978
9948,956.037960061971
9020,936.357736299454
744,798.8663665127119
223,1022.0789570157054
3150,1104.7093971961012
626,1088.2692977613117
9335,1002.3034769088582
7567,1522.173828262179
4583,1042.3568474414521
5712,1075.6458917447649
3285,1524.7558556636327
7586,744.1582717798241
9647,1102.5987332497566
1531,1164.461228142634
9686,1172.6728924315266
354,1043.144935088126
2475,1285.7546730776166
8014,1256.9784961648888
6476,1291.2014810471653
6450,1375.793794637432
240,1514.5879844394242
2626,1122.3434091481936
9787,1044.0939581816824
7199,1363.50850960237
7693,948.0272460852625
2998,1366.4617216147333
6441,1251.3076778189325
4563,1094.9241322556263
8615,1479.8707410329312
1480,1344.286775428638
1019,1319.783271720196
3095,1399.9656571942573
6183,1148.5830050705572
4961,959.9089611960667
8493,1333.436158521371
1104,1174.8286001571678
6082,910.2120076978927
9526,922.6221609618572
5191,1115.5397278500386
4182,1058.4506619966796
4468,1370.0074084010062
1627,717.7645054465274
6718,1287.366369272751
3799,876.0541222122021
3054,1357.4947620593302
2868,1413.0280331224765
1433,1000.3461213051862
7984,660.4364100458231
9347,982.1084557649524
9420,1417.5910833902549
4077,934.1518120658104
218,900.5657269366386
3556,1084.0925343828699
7937,1236.1562073843775
8422,1080.02475583853
1035,790.8020836421713
3774,1473.8632666384206
4133,1265.422317134894
2336,908.058207064989
6493,992.2087862525515
1483,721.3855491476303
907,1163.8089505007915
6089,775.739880318795
6467,707.0479276640983
5677,838.1628198873698
2771,1319.391315188525
1806,987.5296107422694
7375,944.1083098076124
2115,1119.6220942764319
4535,972.4810459136795
2532,1125.5705783597564
8526,843.4604796908069
3471,1000.9767936872922
1403,1018.8265105485556
853,1056.3526489815551
3083,1536.1425306136541
8025,1238.74966577958
7566,847.298422946368
5530,1428.5975635275722
7855,1335.824829015682
4933,1471.5417048324452
5160,1051.0525606473652
9716,1036.9890378109992
3847,1277.6698076171917
6484,930.1123702710183
748,949.3611363936649
3035,1301.3621165501459
348,1166.2554638749732
3352,984.1815374891814
2865,1462.4625070631164
2168,1389.641847255189
6955,1438.57779669911
6210,1024.4957325589105
2778,1315.4808650339094
1442,1288.5925671174382
5658,1404.7355635723347
9658,1377.4026981588133
3028,963.7839252316177
6118,1145.558438605668
2484,1151.37658013981
2883,985.5174989564769
5562,1141.6621392406112
764,855.8627818085505
6482,955.8059782753942
1617,1147.6741175720185
1223,934.8642095602239
8665,782.699667498515
6222,1199.1352908343026
1577,1243.3305547800073
9392,971.3285255802479
6351,971.3095127619329
3783,828.4831390457726
4375,1058.9962476159908
709,1257.0455488882008
510,979.3933848773609
2955,921.1273903690715
7538,884.5844706901094
6339,1192.2531728735512
8923,1125.1476886377918
7064,982.2555952258051
7163,1327.1754508561344
7372,934.9579719826695
6829,999.9025632084329
3616,903.4844980527994
4657,915.6205785249024
6976,899.3168859512988
4351,1158.8361253654439
712,1105.066800473343
6479,841.7238081069844
9130,1297.0208723846017
8205,809.7450293659168
9204,897.4910900304687
713,533.6798614528893
9113,1285.896009585632
1246,1119.5130469573267
9786,743.8165930158578
6849,1133.8764931591772
5134,1277.681596490263
716,1093.1231119655185
3464,1227.4730708867312
4395,1105.64679671469
4569,1341.480586356844
8804,1011.3117071586871
8490,1459.5073155893447
7702,1095.509632666087
213,808.4954297265846
9768,1090.7472025294105
6839,941.9290701119239
1011,853.3022877643316
324,889.1706899320911
5397,1041.1862219079542
5991,756.0309924747163
3173,854.5443561730531
335,1515.177857004819
8306,1335.7639041343489
2211,1180.0797292779284
4272,1071.896533986939
6741,1433.927442333241
234,1190.0891187250209
5951,1248.8775454092602
5738,1174.1891928380674
7922,722.1299732069791
2349,1016.5322323495076
2037,840.9414250278792
7485,1154.9206625265601
6007,1248.1542920041359
4554,1356.738457130853
8073,1115.4011844118909
1459,1392.6481870532004
3289,1088.4316632611235
3065,1247.5156502386474
9437,905.5954896709145
775,1375.2154975010933
6833,1116.53824673193
872,1443.3284377816499
8750,1379.6481203496592
1264,1165.7958409987732
4834,1020.6206139356998
3895,887.3265922408264
6324,1285.3420171017406
9213,1085.594410051911
7020,977.2801411004034
1221,1131.1517252635485
1447,1514.145455298892
3185,1315.1266721078262
409,1107.1049741545016
4345,889.8656203335847
3022,876.8047719047736
2304,1381.0266958965015
6272,1251.9882820782275
8281,763.5657849915167
6642,1315.198908374658
6956,1185.3064150973328
2110,1244.3560548192527
5352,1383.6596738551473
9684,1236.4505284665292
8344,1340.2690554497465
4550,1070.4002679216703
1881,889.5157150311422
5946,1371.4731091430979
1738,1185.181559656261
7794,967.5548589816221
5213,1051.3710197164648
3209,1177.8036259637383
7083,1105.015752393372
2056,886.390751322524
1689,711.8519329163911
4780,1312.7435887590248
7476,1103.6660864440018
7877,1138.8253339097155
6750,1114.745910375392
8556,947.3742228262911
8123,1079.0699878455566
6991,1377.74560648065
8267,937.1037489516532
8540,1342.7548332608499
3393,1109.9474216631907
6326,1166.147290584865
3529,1113.7738824741982
4605,1051.9274552693316
7024,1214.8294669905463
6322,1037.3890276686209
746,1267.3984192788732
711,1082.2674046821471
380,1190.1454496426627
8783,1230.3657840275541
3012,1284.0986132618846
8859,1055.2484444375293
7153,1459.3410997419385
8567,1418.9821679538827
3498,889.1253804198986
3890,1443.796817327799
4485,1433.9239092577282
4012,1320.5244396452263
2620,1035.4192264775052
6671,965.8496791424208
6513,1193.1773778821982
3468,1296.0748803534557
1314,1395.1343513500656
8606,1309.9740116207718
2070,826.688697272059
2983,1164.094147485287
5915,1034.4116664850467
9171,856.5641262524015
1286,1131.1805991976207
8991,1435.3820602209535
8430,1448.5715263361733
1350,827.993465010195
2612,1314.8029953801033
9495,1253.7929814659317
3669,845.794785309874
2222,1240.815627336629
428,909.4647590895498
654,1256.9422611330638
9914,868.3600796872106
3536,1311.6422592600013
7737,910.1408154333949
3246,1179.1887317776323
4741,991.7312386936612
9069,915.8926784257997
4100,1110.8838177327646
4101,1150.8313196707168
6960,928.9219555499565
612,897.5102148606318
4289,1309.7124175696222
8571,1145.2718857834452
9713,882.7784806169155
1544,701.2422539228845
9536,815.2134576586237
3854,933.2693791915701
555,711.9323543666495
6366,946.3946763027691
512,1476.8722972732453
3207,784.2641738135624
8085,937.2762170416033
968,1061.694310361837
6044,946.6308798275293
6880,1151.874038885399
6776,1118.434652553592
3296,1416.2981695008316
8702,1160.1537076712427
3430,1245.3628047264895
8871,1224.7986864446143
6963,1279.2611035904315
2089,1000.393178545434
8500,1311.8935908698736
6163,961.9055591221659
3211,799.9788004022918
9201,1089.391441705268
6606,749.0038786450805
1110,1021.5030631881576
5729,1264.5865884877908
7830,1114.0606345649371
1039,1164.9796039117791
1195,1321.5915973034228
4475,1121.7304348789821
9875,1266.3276990634465
2123,756.1663243659178
4983,1257.6007698995609
8974,1014.0284962998087
5701,1463.352999806397
935,1282.4328414154816
6102,1087.7282464075179
4690,1084.9922059325731
395,864.5065050174495
4686,1243.09218469689
8777,1393.225944722002
9166,1173.5787145369532
5981,819.0378228166077
9943,1257.0948845619796
2192,971.3579728681013
1298,1455.1688404786364
5045,1025.1841951301303
1163,1064.3463207670618
4255,705.6322092324677
6373,1246.8200499364668
1528,870.0186365630224
4343,1305.9042774214904
2031,1418.5322041928794
3061,906.5455758171904
59,1464.639312708739
2406,861.566961957509
5007,1148.8745576809783
6158,1068.3022277076725
7376,1053.4890570233972
4507,1296.6529872595688
5215,1360.319682226908
6030,1130.5176600492493
1781,863.9059764965282
5448,888.0943584462158
4607,812.2877362386373
6915,1020.0748496271774
677,834.1992644350653
3583,1344.7325933290183
3654,1409.3637161953707
7921,1084.7969102632128
9500,674.7141585580921
2733,921.3967374394797
4788,956.3242634880162
2755,1199.9790749721733
2338,965.8511291409461
3644,951.8933562597878
7738,919.2725991210896
5517,793.6649031757045
5247,966.0019324183922
867,938.4467326742308
4448,936.5176661000769
5072,1231.0431257797118
4882,685.0780770724989
9511,1167.6342266614924
3003,1012.8717988622016
2226,1211.7282285559957
9057,983.135518455777
4827,1036.7454168369156
7622,1053.9304607165907
9690,921.5895087916751
5501,1206.4958560427694
9701,653.3870768419567
8479,1236.6517973798195
5503,742.4497703281072
1211,1340.3732773092684
9084,1390.86526543438
2289,987.1825933590185
2184,815.8899280146825
2863,909.8208722835291
6862,947.7729859494303
2363,1416.4724142090895
8464,1011.7663947500112
6333,1079.9995178182155
4065,1111.4973292206926
9547,873.6280530753655
618,1426.2699446895544
3282,1461.1039153206016
5227,1027.8237986543854
3398,1462.386769736134
3066,1489.4147676378047
767,1202.3514607854154
7079,1103.2209352432506
5280,1135.1938219375488
4150,924.9752853720914
1145,1126.0336495273657
4249,919.6570721837102
4111,854.0492836310104
463,999.989660127821
2933,797.4061736977635
4624,1109.0757790279981
3814,1297.51273433695
6309,1011.5090293015605
4342,1178.8610274470848
5301,1365.637657808763
6805,830.5512747050661
3283,1112.4468480326302
2575,1245.9412018320666
7962,1099.3807478219542
7880,1017.5683985256733
829,1131.9686207409782
6487,1226.7288633749017
7600,901.1634829102015
2541,1101.6931035433972
5747,1112.7700618968722
8527,956.6395187865621
9567,1016.9499701256907
3743,1345.4886430345712
7499,920.5042533679525
3525,1370.9378694214129
21,1369.1153623659889
1916,1173.1489059897976
6572,1014.5123279717302
9019,979.948911828174
2013,1271.4035973035698
5406,1115.0308496091097
1296,1262.281061593978
3746,1406.2592550048662
592,1514.6542055923169
1407,949.0858551359306
222,1088.9454601077252
5618,1317.2405534894738
6249,956.6723041068931
4419,801.2168441993435
859,908.8788831371138
1784,753.8032435028737
7260,1152.9291966528172
6857,1294.798223868174
1955,1225.1369129241264
1747,932.5862009405344
3133,834.1701314087527
8037,970.4838564443808
8851,1000.765320218863
995,1110.3002288271402
6109,782.2913409826192
731,778.6240795935706
6975,1054.6114647916434
6274,1084.1434776656877
6752,1353.3382446868864
3510,1426.8861775963119
3534,1208.3215569839188
2514,908.0460673302399
5437,1112.465165930569
3626,951.7704738928827
466,703.6858029615352
6756,1092.9374352378668
6760,1044.1267019441407
7992,1047.7748386379365
158,1433.486056039551
3961,1140.7235952968458
8833,847.6990947047433
5471,1371.276058723823
186,921.5449486546543
1003,1044.322287437878
9509,1245.1629622697887
5624,1135.9625855296763
401,1069.4731722613465
6241,1019.0880265516109
8941,1093.81258431199
9933,1133.3256131714643
7343,1098.2588029799629
9833,1413.0790855919295
8467,1360.6506031404354
8757,1250.4761839065818
7959,1090.5738367198337
1251,1248.7092429746995
3144,1088.9056539266608
7431,852.1502546421302
60,1103.444466287508
7856,865.4875517065509
1114,810.152520391988
3058,1329.4948921781483
9570,717.5832379380346
1329,1239.3253046964362
4996,842.9580091499097
6683,1452.6648314331194
2073,1119.1441361433267
4794,1104.7247514473802
6830,1175.7424688665717
9630,1515.6060392270356
8219,1517.3017958752334
7568,695.9201203376693
5923,841.647840337747
1551,1386.2681273367782
1010,1486.699787998157
3756,943.6707205165086
8682,1532.331734122377
9343,996.8791293978366
8010,803.1864729406684
3861,1233.2400571769683
3149,904.5837807632573
2520,799.2225583682463
3128,1071.5499202558271
9085,1235.2991731577363
5317,1013.745065995884
1196,836.4684851147834
9051,1233.718934923704
880,978.7945332669708
6990,1027.9294568646826
2488,864.0452640433404
2841,812.8732407252777
4330,812.741350753615
2931,1169.6286762893876
6425,738.2329756687282
2486,1552.69464537354
5748,1187.0480259013498
884,1188.1184623326767
4915,1193.1764637489682
6211,1198.8047024050325
9579,1380.2195176821342
212,1304.7925032541561
2276,817.8543446902179
2329,1449.431064856021
4951,1220.0804613448609
3320,1279.3766420438394
9835,1329.7284124383764
4608,1185.6853464746546
1439,906.511033038337
468,927.7125461381743
5467,1489.4708336868352
3330,1032.607282685161
5829,1028.5257634655732
8608,1047.7729038995894
697,1226.0411140970368
7268,1055.7983497042167
9145,1059.3098846624139
8181,954.2699553315163
9939,1359.2794342417078
1315,871.6559046281936
2302,1206.3370431804592
2040,706.9271402675879
7109,1124.309679585877
3667,1037.0203322181455
915,1124.3322258162918
13,1181.1786244978975
8584,677.7496131646511
6428,1274.1276254828365
1537,1194.353732084127
737,1248.0504849572876
8202,1183.0721910388793
8653,778.3141407241861
454,1333.8527406852395
4346,1020.9738680890148
928,1269.2004157645592
6292,792.7949631547242
8282,938.7471533844941
8723,1055.3122798685333
6474,1191.2615723166505
38,1008.9222704090881
5771,1347.1959261316215
2555,1380.2724522760336
7633,1546.5908248698863
9999,818.1784048564479
6621,1097.974644655027
941,648.2646562649734
7399,1296.7155927106369
6129,963.8376877886959
9830,1166.338686472701
2681,708.9529131677095
4355,1268.5000300386428
3059,1224.303142500105
7881,1357.575917710892
739,1395.1067966315434
539,913.3284145196722
3326,855.3132838504487
4240,670.1699359159654
1401,750.5795069637161
4047,1257.5605975170247
5138,675.15711026533
4230,1158.7323572690589
4192,815.1686200504726
9143,851.4710738123786
5539,1348.1259555067682
2693,1083.9640181670554
5341,1406.3485838204629
9918,725.2851175852841
7671,1027.1898503837199
9174,1248.453270205669
1808,1339.9342261494044
5112,1240.8601533942524
3990,1240.6695908921606
3456,1208.1001607268383
2908,1423.8187154268965
6652,1118.483241434753
8288,1476.0231038659322
6245,1167.050683640655
2698,1202.3984703705892
4017,1120.9219582161063
4340,924.2707280071093
4646,959.2981231901113
7740,727.8038661558378
7092,648.2774881732136
4693,1321.2528310225598
1740,1393.7002296174908
5407,1115.7546922461806
4589,1134.614013595151
3126,1017.3387679078572
2158,1210.090060919163
5334,877.7620171298396
8637,1104.0091133411654
1826,1161.3508879221645
4231,1019.0472883893013
3488,1307.6865285044191
9054,1423.8267428606432
9769,1224.859414030967
3648,1279.6673480079442
5903,1190.4811311657445
6386,1278.5416258556702
5639,951.6018979271591
6424,825.4178379698394
7827,1276.4372975942551
7744,935.5220454576547
3013,659.8548546432736
7672,1129.0997393546047
9549,1441.9280801818259
9978,1233.1686312799625
3081,1191.9148621914433
3521,766.6755041576592
4979,1143.9158637313567
7620,1242.622377819714
4348,1038.418949924311
8441,1023.033063738906
1347,996.4871822145755
7088,1033.0992017360995
8948,1320.910066750619
5652,1058.1372352347323
8082,1331.8635938530576
1792,608.9435590777015
7429,1132.090946948747
9580,1172.6783676128227
9960,923.2944602010214
2271,1409.449703500064
9767,1300.5406435473078
2956,1263.1288491710138
3444,1181.5837697185607
7736,1413.3059896589118
834,1010.1854767786106
6499,1264.8414925975171
2992,1165.701360436004
7793,1309.2903707250205
2151,906.585528349102
4023,1353.1349828254395
7615,1293.4399864710629
6124,1043.0387820331161
3339,1246.683477092532
4344,1144.4252716007582
4464,1025.3223273411625
2376,880.6981132398749
9044,1307.0740071395703
5571,658.2919313157562
8599,901.4374029330668
8504,863.8097227586446
8880,1301.3034948243067
1887,1359.943746564682
1198,1300.0864143096223
6427,633.5901254158923
8911,793.0654273795504
2936,754.190078582415
6342,944.3807065924977
1430,1481.15611101639
6307,986.9923897756339
3650,803.1374556718799
1938,1445.019789724307
5172,1346.740184544999
7764,995.4192786942774
6393,1066.0622023885103
1154,1116.0331590651563
6250,667.8201764357739
7037,798.6442930794954
4229,1214.7744147831531
4975,1301.3350096350755
6401,1148.9434709825325
3640,746.288651523709
3972,1347.136185411353
9594,1348.0013700168947
3376,1400.7385734204527
2487,803.9553314655561
6954,1199.1925816598155
606,1137.2906290004134
7444,1331.7516894399116
5928,1026.827172483623
2454,986.6841161343199
3609,1283.12541606996
1484,1235.2098868729227
4519,1154.2986351129293
3038,1105.9595329640574
9352,1346.1846703941728
7692,1364.1977513965005
4116,955.1964112133392
1427,1132.9959276545558
497,1108.295656043354
3353,1076.5243737269313
8794,866.534575341711
759,1171.2821278914762
838,1236.4998088915822
4327,1048.7439137074107
2128,861.285368851997
1023,1376.7653999709219
8762,1363.5427703049972
5614,1012.0056426977342
5581,1147.595735221508
1058,1160.7411486069254
9542,1067.8246607714857
6856,1270.0700277268543
7349,984.56436990441
9045,816.1478241364396
2129,1415.700568988618
2767,837.0052718110421
2109,1266.167812365009
3617,1251.0271412004581
1545,1143.1498492033957
6914,907.3264995985884
1719,773.8328199912937
7435,932.9729324092312
7365,1114.530542469931
6235,954.1511589010672
725,1230.3607289297343
6673,863.2512870828684
8029,996.4046948145481
5492,1504.4738735458527
1128,1268.275718022178
2957,843.1933217351389
5156,1242.8350947334143
4817,1120.2831428814661
6202,1337.6092038754857
6224,815.5560047294102
8686,963.9909694865873
7114,1318.2405256682396
5275,912.5714977559575
8536,1346.6648055957903
3044,1087.7049610603262
6912,1038.1864512503332
150,1363.71410243126
7574,989.6022225324593
4206,1349.9692605416244
5493,1014.2173333992808
2690,1026.972876798167
4221,1094.6611203672683
9102,835.7144818854399
842,1177.3856839082614
8137,820.4113514515528
6438,842.6412474183031
9700,1373.03938970439
6200,1004.109181578453
2795,1164.59549908685
7626,1139.6502708003839
8475,1470.3996120724155
7890,1184.521664646525
6608,1292.7468755483885
9195,972.0060778397863
8248,1194.2320852892524
1393,883.6306871554011
1922,1074.18512589966
7019,1259.4776075747839
3622,1280.0011525745726
4849,931.1341917380329
2292,1503.9097451367807
2134,1127.9487038565044
551,1187.1443884152595
1741,1371.3016156320673
5290,1438.5173879590648
1818,1228.7036356538356
4699,1012.5899779189508
5182,1223.13371187362
3019,1200.545172749671
18,1255.465213031065
1771,664.0922214445699
1889,814.0565800779002
2153,1013.3132068228567
1643,1207.2445565824376
7847,1428.7906274557172
4194,1335.1575766371102
9433,1043.2518106371558
8899,992.0768371065958
534,1220.2117339595272
133,941.7908283212084
7723,984.9182535017262
8459,1480.0741718673266
965,1193.0717002957952
8720,1250.546061473196
6413,1092.9443794856907
8286,1217.5500644345552
7854,1179.9078296895414
1096,1266.7113826584387
6930,843.59575590178
